{
	"info": {
		"_postman_id": "9b3929bb-b863-4ceb-90cc-6a4c3625c41a",
		"name": "[Goncharov] OTUS Highload Architect",
		"schema": "https://schema.getpostman.com/json/collection/v2.1.0/collection.json",
		"_exporter_id": "17463442"
	},
	"item": [
		{
			"name": "login",
			"item": [
				{
					"name": "Упрощенный процесс аутентификации путем передачи идентификатор пользователя и получения токена для дальнейшего прохождения авторизации",
					"event": [
						{
							"listen": "test",
							"script": {
								"exec": [
									"var responseData = pm.response.json();",
									"pm.collectionVariables.set('token',responseData.token)",
									""
								],
								"type": "text/javascript",
								"packages": {}
							}
						}
					],
					"request": {
						"method": "POST",
						"header": [
							{
								"key": "Content-Type",
								"value": "application/json"
							},
							{
								"key": "Accept",
								"value": "application/json"
							}
						],
						"body": {
							"mode": "raw",
							"raw": "{\n  \"id\": \"04286b30-2601-4e22-a740-d1824eea9aa0\",\n  \"password\": \"RcQ@%83ZuT\"\n}",
							"options": {
								"raw": {
									"headerFamily": "json",
									"language": "json"
								}
							}
						},
						"url": {
							"raw": "{{baseUrl}}/login",
							"host": [
								"{{baseUrl}}"
							],
							"path": [
								"login"
							]
						},
						"description": "Упрощенный процесс аутентификации путем передачи идентификатор пользователя и получения токена для дальнейшего прохождения авторизации"
					},
					"response": [
						{
							"name": "Успех авторизации",
							"originalRequest": {
								"method": "POST",
								"header": [
									{
										"key": "Content-Type",
										"value": "application/json"
									},
									{
										"key": "Accept",
										"value": "application/json"
									}
								],
								"body": {
									"mode": "raw",
									"raw": "{\n  \"login\": \"some3@email.org\",\n  \"password\": \"Akanto2\"\n}",
									"options": {
										"raw": {
											"headerFamily": "json",
											"language": "json"
										}
									}
								},
								"url": {
									"raw": "{{baseUrl}}/login",
									"host": [
										"{{baseUrl}}"
									],
									"path": [
										"login"
									]
								}
							},
							"status": "OK",
							"code": 200,
							"_postman_previewlanguage": "json",
							"header": [
								{
									"key": "Accept",
									"value": "application/json"
								},
								{
									"key": "Content-Type",
									"value": "application/json"
								},
								{
									"key": "X-Request-Id",
									"value": "e09f25ad-32a2-46b5-8fe7-bae9e6d3c5d8"
								},
								{
									"key": "Date",
									"value": "Mon, 18 Nov 2024 19:59:27 GMT"
								},
								{
									"key": "Content-Length",
									"value": "77"
								}
							],
							"cookie": [],
							"body": "{\n    \"token\": \"0e3d07c10c76f11b9d989638e83f88c191972120ada97be53121644722cdb263\"\n}"
						},
						{
							"name": "Невалидные данные",
							"originalRequest": {
								"method": "POST",
								"header": [
									{
										"key": "Content-Type",
										"value": "application/json"
									},
									{
										"key": "Accept",
										"value": "application/json"
									}
								],
								"body": {
									"mode": "raw",
									"raw": "{\n  \"login\": \"some3@email.org\",\n  \"password\": \"Akanto23\"\n}",
									"options": {
										"raw": {
											"headerFamily": "json",
											"language": "json"
										}
									}
								},
								"url": {
									"raw": "{{baseUrl}}/login",
									"host": [
										"{{baseUrl}}"
									],
									"path": [
										"login"
									]
								}
							},
							"status": "Internal Server Error",
							"code": 500,
							"_postman_previewlanguage": "json",
							"header": [
								{
									"key": "Accept",
									"value": "application/json"
								},
								{
									"key": "Content-Type",
									"value": "application/json"
								},
								{
									"key": "X-Request-Id",
									"value": "7ba0f62d-56d6-4022-beea-53b1a0845f00"
								},
								{
									"key": "Date",
									"value": "Mon, 18 Nov 2024 20:11:31 GMT"
								},
								{
									"key": "Content-Length",
									"value": "100"
								}
							],
							"cookie": [],
							"body": "{\n    \"message\": \"Wrong user / password\",\n    \"request_id\": \"7ba0f62d-56d6-4022-beea-53b1a0845f00\",\n    \"code\": 2002\n}"
						},
						{
							"name": "Ошибка сервера",
							"originalRequest": {
								"method": "POST",
								"header": [
									{
										"key": "Content-Type",
										"value": "application/json"
									},
									{
										"key": "Accept",
										"value": "application/json"
									}
								],
								"body": {
									"mode": "raw",
									"raw": "{\n  \"login\": \"some3@email.org\",\n  \"password\": \"Akanto2\"\n}",
									"options": {
										"raw": {
											"headerFamily": "json",
											"language": "json"
										}
									}
								},
								"url": {
									"raw": "{{baseUrl}}/login",
									"host": [
										"{{baseUrl}}"
									],
									"path": [
										"login"
									]
								}
							},
							"status": "Internal Server Error",
							"code": 500,
							"_postman_previewlanguage": "json",
							"header": [
								{
									"key": "Accept",
									"value": "application/json"
								},
								{
									"key": "Content-Type",
									"value": "application/json"
								},
								{
									"key": "X-Request-Id",
									"value": "041222fb-33c7-4030-af01-736af8f193a3"
								},
								{
									"key": "Date",
									"value": "Mon, 18 Nov 2024 20:13:33 GMT"
								},
								{
									"key": "Content-Length",
									"value": "99"
								}
							],
							"cookie": [],
							"body": "{\n    \"message\": \"Internal server error\",\n    \"request_id\": \"041222fb-33c7-4030-af01-736af8f193a3\",\n    \"code\": 123\n}"
						}
					]
				}
			]
		},
		{
			"name": "user",
			"item": [
				{
					"name": "register",
					"item": [
						{
							"name": "Регистрация нового пользователя",
							"request": {
								"method": "POST",
								"header": [
									{
										"key": "Content-Type",
										"value": "application/json"
									},
									{
										"key": "Accept",
										"value": "application/json"
									}
								],
								"body": {
									"mode": "raw",
									"raw": "{\n    \"first_name\": \"Никонор2\",\n    \"second_name\": \"Коноровский2\",\n    \"login\": \"some@email.org\",\n    \"birthdate\": \"28.12.2004\",\n    \"sex\": \"male\",\n    \"biography\": null,\n    \"city\": \"Санкт-Петербург\",\n    \"password\": \"ghghjgkjhgEUYPM\"\n}",
									"options": {
										"raw": {
											"headerFamily": "json",
											"language": "json"
										}
									}
								},
								"url": {
									"raw": "{{baseUrl}}/user/register",
									"host": [
										"{{baseUrl}}"
									],
									"path": [
										"user",
										"register"
									]
								},
								"description": "Регистрация нового пользователя"
							},
							"response": [
								{
									"name": "Успешная регистрация",
									"originalRequest": {
										"method": "POST",
										"header": [
											{
												"key": "Content-Type",
												"value": "application/json"
											},
											{
												"key": "Accept",
												"value": "application/json"
											}
										],
										"body": {
											"mode": "raw",
											"raw": "{\n  \"first_name\": \"<string>\",\n  \"second_name\": \"<string>\",\n  \"birthdate\": \"<date>\",\n  \"biography\": \"<string>\",\n  \"city\": \"<string>\",\n  \"password\": \"<string>\"\n}",
											"options": {
												"raw": {
													"headerFamily": "json",
													"language": "json"
												}
											}
										},
										"url": {
											"raw": "{{baseUrl}}/user/register",
											"host": [
												"{{baseUrl}}"
											],
											"path": [
												"user",
												"register"
											]
										}
									},
									"status": "OK",
									"code": 200,
									"_postman_previewlanguage": "json",
									"header": [
										{
											"key": "Content-Type",
											"value": "application/json"
										}
									],
									"cookie": [],
									"body": "{\n  \"user_id\": \"<string>\"\n}"
								},
								{
									"name": "Невалидные данные",
									"originalRequest": {
										"method": "POST",
										"header": [
											{
												"key": "Content-Type",
												"value": "application/json"
											}
										],
										"body": {
											"mode": "raw",
											"raw": "{\n  \"first_name\": \"<string>\",\n  \"second_name\": \"<string>\",\n  \"birthdate\": \"<date>\",\n  \"biography\": \"<string>\",\n  \"city\": \"<string>\",\n  \"password\": \"<string>\"\n}",
											"options": {
												"raw": {
													"headerFamily": "json",
													"language": "json"
												}
											}
										},
										"url": {
											"raw": "{{baseUrl}}/user/register",
											"host": [
												"{{baseUrl}}"
											],
											"path": [
												"user",
												"register"
											]
										}
									},
									"status": "Bad Request",
									"code": 400,
									"_postman_previewlanguage": "text",
									"header": [],
									"cookie": [],
									"body": ""
								},
								{
									"name": "Ошибка сервера",
									"originalRequest": {
										"method": "POST",
										"header": [
											{
												"key": "Content-Type",
												"value": "application/json"
											},
											{
												"key": "Accept",
												"value": "application/json"
											}
										],
										"body": {
											"mode": "raw",
											"raw": "{\n  \"first_name\": \"<string>\",\n  \"second_name\": \"<string>\",\n  \"birthdate\": \"<date>\",\n  \"biography\": \"<string>\",\n  \"city\": \"<string>\",\n  \"password\": \"<string>\"\n}",
											"options": {
												"raw": {
													"headerFamily": "json",
													"language": "json"
												}
											}
										},
										"url": {
											"raw": "{{baseUrl}}/user/register",
											"host": [
												"{{baseUrl}}"
											],
											"path": [
												"user",
												"register"
											]
										}
									},
									"status": "Internal Server Error",
									"code": 500,
									"_postman_previewlanguage": "json",
									"header": [
										{
											"key": "Content-Type",
											"value": "application/json"
										},
										{
											"key": "Retry-After",
											"value": "<integer>",
											"description": {
												"content": "Время, через которое еще раз нужно сделать запрос",
												"type": "text/plain"
											}
										}
									],
									"cookie": [],
									"body": "{\n  \"message\": \"<string>\",\n  \"request_id\": \"<string>\",\n  \"code\": \"<integer>\"\n}"
								},
								{
									"name": "Ошибка сервера",
									"originalRequest": {
										"method": "POST",
										"header": [
											{
												"key": "Content-Type",
												"value": "application/json"
											},
											{
												"key": "Accept",
												"value": "application/json"
											}
										],
										"body": {
											"mode": "raw",
											"raw": "{\n  \"first_name\": \"<string>\",\n  \"second_name\": \"<string>\",\n  \"birthdate\": \"<date>\",\n  \"biography\": \"<string>\",\n  \"city\": \"<string>\",\n  \"password\": \"<string>\"\n}",
											"options": {
												"raw": {
													"headerFamily": "json",
													"language": "json"
												}
											}
										},
										"url": {
											"raw": "{{baseUrl}}/user/register",
											"host": [
												"{{baseUrl}}"
											],
											"path": [
												"user",
												"register"
											]
										}
									},
									"status": "Service Unavailable",
									"code": 503,
									"_postman_previewlanguage": "json",
									"header": [
										{
											"key": "Content-Type",
											"value": "application/json"
										},
										{
											"key": "Retry-After",
											"value": "<integer>",
											"description": {
												"content": "Время, через которое еще раз нужно сделать запрос",
												"type": "text/plain"
											}
										}
									],
									"cookie": [],
									"body": "{\n  \"message\": \"<string>\",\n  \"request_id\": \"<string>\",\n  \"code\": \"<integer>\"\n}"
								}
							]
						}
					]
				},
				{
					"name": "get",
					"item": [
						{
							"name": "{id}",
							"item": [
								{
									"name": "Получение анкеты пользователя",
									"request": {
										"auth": {
											"type": "bearer",
											"bearer": [
												{
													"key": "token",
													"value": "{{token}}",
													"type": "string"
												}
											]
										},
										"method": "GET",
										"header": [
											{
												"key": "Accept",
												"value": "application/json"
											}
										],
										"url": {
											"raw": "{{baseUrl}}/user/get/8bcc06ac-7231-4809-9dc3-88adad5ae985",
											"host": [
												"{{baseUrl}}"
											],
											"path": [
												"user",
												"get",
												"8bcc06ac-7231-4809-9dc3-88adad5ae985"
											]
										},
										"description": "Получение анкеты пользователя"
									},
									"response": [
										{
											"name": "Успешное получение анкеты пользователя",
											"originalRequest": {
												"method": "GET",
												"header": [
													{
														"key": "Accept",
														"value": "application/json"
													}
												],
												"url": {
													"raw": "{{baseUrl}}/user/get/:id",
													"host": [
														"{{baseUrl}}"
													],
													"path": [
														"user",
														"get",
														":id"
													],
													"variable": [
														{
															"key": "id"
														}
													]
												}
											},
											"status": "OK",
											"code": 200,
											"_postman_previewlanguage": "json",
											"header": [
												{
													"key": "Content-Type",
													"value": "application/json"
												}
											],
											"cookie": [],
											"body": "{\n  \"id\": \"<string>\",\n  \"first_name\": \"<string>\",\n  \"second_name\": \"<string>\",\n  \"birthdate\": \"<date>\",\n  \"biography\": \"<string>\",\n  \"city\": \"<string>\"\n}"
										},
										{
											"name": "Невалидные данные",
											"originalRequest": {
												"method": "GET",
												"header": [],
												"url": {
													"raw": "{{baseUrl}}/user/get/:id",
													"host": [
														"{{baseUrl}}"
													],
													"path": [
														"user",
														"get",
														":id"
													],
													"variable": [
														{
															"key": "id"
														}
													]
												}
											},
											"status": "Bad Request",
											"code": 400,
											"_postman_previewlanguage": "text",
											"header": [],
											"cookie": [],
											"body": ""
										},
										{
											"name": "Анкета не найдена",
											"originalRequest": {
												"method": "GET",
												"header": [],
												"url": {
													"raw": "{{baseUrl}}/user/get/:id",
													"host": [
														"{{baseUrl}}"
													],
													"path": [
														"user",
														"get",
														":id"
													],
													"variable": [
														{
															"key": "id"
														}
													]
												}
											},
											"status": "Not Found",
											"code": 404,
											"_postman_previewlanguage": "text",
											"header": [],
											"cookie": [],
											"body": ""
										},
										{
											"name": "Ошибка сервера",
											"originalRequest": {
												"method": "GET",
												"header": [
													{
														"key": "Accept",
														"value": "application/json"
													}
												],
												"url": {
													"raw": "{{baseUrl}}/user/get/:id",
													"host": [
														"{{baseUrl}}"
													],
													"path": [
														"user",
														"get",
														":id"
													],
													"variable": [
														{
															"key": "id"
														}
													]
												}
											},
											"status": "Internal Server Error",
											"code": 500,
											"_postman_previewlanguage": "json",
											"header": [
												{
													"key": "Content-Type",
													"value": "application/json"
												},
												{
													"key": "Retry-After",
													"value": "<integer>",
													"description": {
														"content": "Время, через которое еще раз нужно сделать запрос",
														"type": "text/plain"
													}
												}
											],
											"cookie": [],
											"body": "{\n  \"message\": \"<string>\",\n  \"request_id\": \"<string>\",\n  \"code\": \"<integer>\"\n}"
										},
										{
											"name": "Ошибка сервера",
											"originalRequest": {
												"method": "GET",
												"header": [
													{
														"key": "Accept",
														"value": "application/json"
													}
												],
												"url": {
													"raw": "{{baseUrl}}/user/get/:id",
													"host": [
														"{{baseUrl}}"
													],
													"path": [
														"user",
														"get",
														":id"
													],
													"variable": [
														{
															"key": "id"
														}
													]
												}
											},
											"status": "Service Unavailable",
											"code": 503,
											"_postman_previewlanguage": "json",
											"header": [
												{
													"key": "Content-Type",
													"value": "application/json"
												},
												{
													"key": "Retry-After",
													"value": "<integer>",
													"description": {
														"content": "Время, через которое еще раз нужно сделать запрос",
														"type": "text/plain"
													}
												}
											],
											"cookie": [],
											"body": "{\n  \"message\": \"<string>\",\n  \"request_id\": \"<string>\",\n  \"code\": \"<integer>\"\n}"
										}
									]
								}
							]
						}
					]
				},
				{
					"name": "search",
					"item": [
						{
							"name": "Поиск анкет",
							"request": {
								"method": "GET",
								"header": [
									{
										"key": "Accept",
										"value": "application/json"
									}
								],
								"url": {
									"raw": "{{baseUrl}}/user/search?first_name=<string>&last_name=<string>",
									"host": [
										"{{baseUrl}}"
									],
									"path": [
										"user",
										"search"
									],
									"query": [
										{
											"key": "first_name",
											"value": "<string>",
											"description": "(Required) Условие поиска по имени"
										},
										{
											"key": "last_name",
											"value": "<string>",
											"description": "(Required) Условие поиска по фамилии"
										}
									]
								},
								"description": "Поиск анкет"
							},
							"response": [
								{
									"name": "Успешные поиск пользователя",
									"originalRequest": {
										"method": "GET",
										"header": [
											{
												"key": "Accept",
												"value": "application/json"
											}
										],
										"url": {
											"raw": "{{baseUrl}}/user/search?first_name=<string>&last_name=<string>",
											"host": [
												"{{baseUrl}}"
											],
											"path": [
												"user",
												"search"
											],
											"query": [
												{
													"key": "first_name",
													"value": "<string>",
													"description": "(Required) Условие поиска по имени"
												},
												{
													"key": "last_name",
													"value": "<string>",
													"description": "(Required) Условие поиска по фамилии"
												}
											]
										}
									},
									"status": "OK",
									"code": 200,
									"_postman_previewlanguage": "json",
									"header": [
										{
											"key": "Content-Type",
											"value": "application/json"
										}
									],
									"cookie": [],
									"body": "[\n  {\n    \"id\": \"<string>\",\n    \"first_name\": \"<string>\",\n    \"second_name\": \"<string>\",\n    \"birthdate\": \"<date>\",\n    \"biography\": \"<string>\",\n    \"city\": \"<string>\"\n  },\n  {\n    \"id\": \"<string>\",\n    \"first_name\": \"<string>\",\n    \"second_name\": \"<string>\",\n    \"birthdate\": \"<date>\",\n    \"biography\": \"<string>\",\n    \"city\": \"<string>\"\n  }\n]"
								},
								{
									"name": "Невалидные данные",
									"originalRequest": {
										"method": "GET",
										"header": [],
										"url": {
											"raw": "{{baseUrl}}/user/search?first_name=<string>&last_name=<string>",
											"host": [
												"{{baseUrl}}"
											],
											"path": [
												"user",
												"search"
											],
											"query": [
												{
													"key": "first_name",
													"value": "<string>",
													"description": "(Required) Условие поиска по имени"
												},
												{
													"key": "last_name",
													"value": "<string>",
													"description": "(Required) Условие поиска по фамилии"
												}
											]
										}
									},
									"status": "Bad Request",
									"code": 400,
									"_postman_previewlanguage": "text",
									"header": [],
									"cookie": [],
									"body": ""
								},
								{
									"name": "Ошибка сервера",
									"originalRequest": {
										"method": "GET",
										"header": [
											{
												"key": "Accept",
												"value": "application/json"
											}
										],
										"url": {
											"raw": "{{baseUrl}}/user/search?first_name=<string>&last_name=<string>",
											"host": [
												"{{baseUrl}}"
											],
											"path": [
												"user",
												"search"
											],
											"query": [
												{
													"key": "first_name",
													"value": "<string>",
													"description": "(Required) Условие поиска по имени"
												},
												{
													"key": "last_name",
													"value": "<string>",
													"description": "(Required) Условие поиска по фамилии"
												}
											]
										}
									},
									"status": "Internal Server Error",
									"code": 500,
									"_postman_previewlanguage": "json",
									"header": [
										{
											"key": "Content-Type",
											"value": "application/json"
										},
										{
											"key": "Retry-After",
											"value": "<integer>",
											"description": {
												"content": "Время, через которое еще раз нужно сделать запрос",
												"type": "text/plain"
											}
										}
									],
									"cookie": [],
									"body": "{\n  \"message\": \"<string>\",\n  \"request_id\": \"<string>\",\n  \"code\": \"<integer>\"\n}"
								},
								{
									"name": "Ошибка сервера",
									"originalRequest": {
										"method": "GET",
										"header": [
											{
												"key": "Accept",
												"value": "application/json"
											}
										],
										"url": {
											"raw": "{{baseUrl}}/user/search?first_name=<string>&last_name=<string>",
											"host": [
												"{{baseUrl}}"
											],
											"path": [
												"user",
												"search"
											],
											"query": [
												{
													"key": "first_name",
													"value": "<string>",
													"description": "(Required) Условие поиска по имени"
												},
												{
													"key": "last_name",
													"value": "<string>",
													"description": "(Required) Условие поиска по фамилии"
												}
											]
										}
									},
									"status": "Service Unavailable",
									"code": 503,
									"_postman_previewlanguage": "json",
									"header": [
										{
											"key": "Content-Type",
											"value": "application/json"
										},
										{
											"key": "Retry-After",
											"value": "<integer>",
											"description": {
												"content": "Время, через которое еще раз нужно сделать запрос",
												"type": "text/plain"
											}
										}
									],
									"cookie": [],
									"body": "{\n  \"message\": \"<string>\",\n  \"request_id\": \"<string>\",\n  \"code\": \"<integer>\"\n}"
								}
							]
						}
					]
				}
			]
		},
		{
			"name": "friend",
			"item": [
				{
					"name": "set",
					"item": [
						{
							"name": "{user_id}",
							"item": [
								{
									"name": "/friend/set/:user_id",
									"request": {
										"auth": {
											"type": "bearer",
											"bearer": [
												{
													"key": "token",
													"value": "{{bearerToken}}",
													"type": "string"
												}
											]
										},
										"method": "PUT",
										"header": [
											{
												"key": "Accept",
												"value": "application/json"
											}
										],
										"url": {
											"raw": "{{baseUrl}}/friend/set/:user_id",
											"host": [
												"{{baseUrl}}"
											],
											"path": [
												"friend",
												"set",
												":user_id"
											],
											"variable": [
												{
													"key": "user_id",
													"value": "<string>",
													"description": "(Required) "
												}
											]
										}
									},
									"response": [
										{
											"name": "Пользователь успешно указал своего друга",
											"originalRequest": {
												"method": "PUT",
												"header": [
													{
														"description": "Added as a part of security scheme: bearer",
														"key": "Authorization",
														"value": "Bearer <token>"
													}
												],
												"url": {
													"raw": "{{baseUrl}}/friend/set/:user_id",
													"host": [
														"{{baseUrl}}"
													],
													"path": [
														"friend",
														"set",
														":user_id"
													],
													"variable": [
														{
															"key": "user_id"
														}
													]
												}
											},
											"status": "OK",
											"code": 200,
											"_postman_previewlanguage": "text",
											"header": [],
											"cookie": [],
											"body": ""
										},
										{
											"name": "Невалидные данные ввода",
											"originalRequest": {
												"method": "PUT",
												"header": [
													{
														"description": "Added as a part of security scheme: bearer",
														"key": "Authorization",
														"value": "Bearer <token>"
													}
												],
												"url": {
													"raw": "{{baseUrl}}/friend/set/:user_id",
													"host": [
														"{{baseUrl}}"
													],
													"path": [
														"friend",
														"set",
														":user_id"
													],
													"variable": [
														{
															"key": "user_id"
														}
													]
												}
											},
											"status": "Bad Request",
											"code": 400,
											"_postman_previewlanguage": "text",
											"header": [],
											"cookie": [],
											"body": ""
										},
										{
											"name": "Неавторизованный доступ",
											"originalRequest": {
												"method": "PUT",
												"header": [
													{
														"description": "Added as a part of security scheme: bearer",
														"key": "Authorization",
														"value": "Bearer <token>"
													}
												],
												"url": {
													"raw": "{{baseUrl}}/friend/set/:user_id",
													"host": [
														"{{baseUrl}}"
													],
													"path": [
														"friend",
														"set",
														":user_id"
													],
													"variable": [
														{
															"key": "user_id"
														}
													]
												}
											},
											"status": "Unauthorized",
											"code": 401,
											"_postman_previewlanguage": "text",
											"header": [],
											"cookie": [],
											"body": ""
										},
										{
											"name": "Ошибка сервера",
											"originalRequest": {
												"method": "PUT",
												"header": [
													{
														"key": "Accept",
														"value": "application/json"
													},
													{
														"description": "Added as a part of security scheme: bearer",
														"key": "Authorization",
														"value": "Bearer <token>"
													}
												],
												"url": {
													"raw": "{{baseUrl}}/friend/set/:user_id",
													"host": [
														"{{baseUrl}}"
													],
													"path": [
														"friend",
														"set",
														":user_id"
													],
													"variable": [
														{
															"key": "user_id"
														}
													]
												}
											},
											"status": "Internal Server Error",
											"code": 500,
											"_postman_previewlanguage": "json",
											"header": [
												{
													"key": "Content-Type",
													"value": "application/json"
												},
												{
													"key": "Retry-After",
													"value": "<integer>",
													"description": {
														"content": "Время, через которое еще раз нужно сделать запрос",
														"type": "text/plain"
													}
												}
											],
											"cookie": [],
											"body": "{\n  \"message\": \"<string>\",\n  \"request_id\": \"<string>\",\n  \"code\": \"<integer>\"\n}"
										},
										{
											"name": "Ошибка сервера",
											"originalRequest": {
												"method": "PUT",
												"header": [
													{
														"key": "Accept",
														"value": "application/json"
													},
													{
														"description": "Added as a part of security scheme: bearer",
														"key": "Authorization",
														"value": "Bearer <token>"
													}
												],
												"url": {
													"raw": "{{baseUrl}}/friend/set/:user_id",
													"host": [
														"{{baseUrl}}"
													],
													"path": [
														"friend",
														"set",
														":user_id"
													],
													"variable": [
														{
															"key": "user_id"
														}
													]
												}
											},
											"status": "Service Unavailable",
											"code": 503,
											"_postman_previewlanguage": "json",
											"header": [
												{
													"key": "Content-Type",
													"value": "application/json"
												},
												{
													"key": "Retry-After",
													"value": "<integer>",
													"description": {
														"content": "Время, через которое еще раз нужно сделать запрос",
														"type": "text/plain"
													}
												}
											],
											"cookie": [],
											"body": "{\n  \"message\": \"<string>\",\n  \"request_id\": \"<string>\",\n  \"code\": \"<integer>\"\n}"
										}
									]
								}
							]
						}
					]
				},
				{
					"name": "delete",
					"item": [
						{
							"name": "{user_id}",
							"item": [
								{
									"name": "/friend/delete/:user_id",
									"request": {
										"auth": {
											"type": "bearer",
											"bearer": [
												{
													"key": "token",
													"value": "{{bearerToken}}",
													"type": "string"
												}
											]
										},
										"method": "PUT",
										"header": [
											{
												"key": "Accept",
												"value": "application/json"
											}
										],
										"url": {
											"raw": "{{baseUrl}}/friend/delete/:user_id",
											"host": [
												"{{baseUrl}}"
											],
											"path": [
												"friend",
												"delete",
												":user_id"
											],
											"variable": [
												{
													"key": "user_id",
													"value": "<string>",
													"description": "(Required) "
												}
											]
										}
									},
									"response": [
										{
											"name": "Пользователь успешно удалил из друзей пользователя",
											"originalRequest": {
												"method": "PUT",
												"header": [
													{
														"description": "Added as a part of security scheme: bearer",
														"key": "Authorization",
														"value": "Bearer <token>"
													}
												],
												"url": {
													"raw": "{{baseUrl}}/friend/delete/:user_id",
													"host": [
														"{{baseUrl}}"
													],
													"path": [
														"friend",
														"delete",
														":user_id"
													],
													"variable": [
														{
															"key": "user_id"
														}
													]
												}
											},
											"status": "OK",
											"code": 200,
											"_postman_previewlanguage": "text",
											"header": [],
											"cookie": [],
											"body": ""
										},
										{
											"name": "Невалидные данные ввода",
											"originalRequest": {
												"method": "PUT",
												"header": [
													{
														"description": "Added as a part of security scheme: bearer",
														"key": "Authorization",
														"value": "Bearer <token>"
													}
												],
												"url": {
													"raw": "{{baseUrl}}/friend/delete/:user_id",
													"host": [
														"{{baseUrl}}"
													],
													"path": [
														"friend",
														"delete",
														":user_id"
													],
													"variable": [
														{
															"key": "user_id"
														}
													]
												}
											},
											"status": "Bad Request",
											"code": 400,
											"_postman_previewlanguage": "text",
											"header": [],
											"cookie": [],
											"body": ""
										},
										{
											"name": "Неавторизованный доступ",
											"originalRequest": {
												"method": "PUT",
												"header": [
													{
														"description": "Added as a part of security scheme: bearer",
														"key": "Authorization",
														"value": "Bearer <token>"
													}
												],
												"url": {
													"raw": "{{baseUrl}}/friend/delete/:user_id",
													"host": [
														"{{baseUrl}}"
													],
													"path": [
														"friend",
														"delete",
														":user_id"
													],
													"variable": [
														{
															"key": "user_id"
														}
													]
												}
											},
											"status": "Unauthorized",
											"code": 401,
											"_postman_previewlanguage": "text",
											"header": [],
											"cookie": [],
											"body": ""
										},
										{
											"name": "Ошибка сервера",
											"originalRequest": {
												"method": "PUT",
												"header": [
													{
														"key": "Accept",
														"value": "application/json"
													},
													{
														"description": "Added as a part of security scheme: bearer",
														"key": "Authorization",
														"value": "Bearer <token>"
													}
												],
												"url": {
													"raw": "{{baseUrl}}/friend/delete/:user_id",
													"host": [
														"{{baseUrl}}"
													],
													"path": [
														"friend",
														"delete",
														":user_id"
													],
													"variable": [
														{
															"key": "user_id"
														}
													]
												}
											},
											"status": "Internal Server Error",
											"code": 500,
											"_postman_previewlanguage": "json",
											"header": [
												{
													"key": "Content-Type",
													"value": "application/json"
												},
												{
													"key": "Retry-After",
													"value": "<integer>",
													"description": {
														"content": "Время, через которое еще раз нужно сделать запрос",
														"type": "text/plain"
													}
												}
											],
											"cookie": [],
											"body": "{\n  \"message\": \"<string>\",\n  \"request_id\": \"<string>\",\n  \"code\": \"<integer>\"\n}"
										},
										{
											"name": "Ошибка сервера",
											"originalRequest": {
												"method": "PUT",
												"header": [
													{
														"key": "Accept",
														"value": "application/json"
													},
													{
														"description": "Added as a part of security scheme: bearer",
														"key": "Authorization",
														"value": "Bearer <token>"
													}
												],
												"url": {
													"raw": "{{baseUrl}}/friend/delete/:user_id",
													"host": [
														"{{baseUrl}}"
													],
													"path": [
														"friend",
														"delete",
														":user_id"
													],
													"variable": [
														{
															"key": "user_id"
														}
													]
												}
											},
											"status": "Service Unavailable",
											"code": 503,
											"_postman_previewlanguage": "json",
											"header": [
												{
													"key": "Content-Type",
													"value": "application/json"
												},
												{
													"key": "Retry-After",
													"value": "<integer>",
													"description": {
														"content": "Время, через которое еще раз нужно сделать запрос",
														"type": "text/plain"
													}
												}
											],
											"cookie": [],
											"body": "{\n  \"message\": \"<string>\",\n  \"request_id\": \"<string>\",\n  \"code\": \"<integer>\"\n}"
										}
									]
								}
							]
						}
					]
				}
			]
		},
		{
			"name": "post",
			"item": [
				{
					"name": "create",
					"item": [
						{
							"name": "/post/create",
							"request": {
								"auth": {
									"type": "bearer",
									"bearer": [
										{
											"key": "token",
											"value": "{{bearerToken}}",
											"type": "string"
										}
									]
								},
								"method": "POST",
								"header": [
									{
										"key": "Content-Type",
										"value": "application/json"
									},
									{
										"key": "Accept",
										"value": "application/json"
									}
								],
								"body": {
									"mode": "raw",
									"raw": "{\n  \"text\": \"<string>\"\n}",
									"options": {
										"raw": {
											"headerFamily": "json",
											"language": "json"
										}
									}
								},
								"url": {
									"raw": "{{baseUrl}}/post/create",
									"host": [
										"{{baseUrl}}"
									],
									"path": [
										"post",
										"create"
									]
								}
							},
							"response": [
								{
									"name": "Успешно создан пост",
									"originalRequest": {
										"method": "POST",
										"header": [
											{
												"key": "Content-Type",
												"value": "application/json"
											},
											{
												"key": "Accept",
												"value": "application/json"
											},
											{
												"description": "Added as a part of security scheme: bearer",
												"key": "Authorization",
												"value": "Bearer <token>"
											}
										],
										"body": {
											"mode": "raw",
											"raw": "{\n  \"text\": \"<string>\"\n}",
											"options": {
												"raw": {
													"headerFamily": "json",
													"language": "json"
												}
											}
										},
										"url": {
											"raw": "{{baseUrl}}/post/create",
											"host": [
												"{{baseUrl}}"
											],
											"path": [
												"post",
												"create"
											]
										}
									},
									"status": "OK",
									"code": 200,
									"_postman_previewlanguage": "json",
									"header": [
										{
											"key": "Content-Type",
											"value": "application/json"
										}
									],
									"cookie": [],
									"body": "<string>"
								},
								{
									"name": "Невалидные данные ввода",
									"originalRequest": {
										"method": "POST",
										"header": [
											{
												"key": "Content-Type",
												"value": "application/json"
											},
											{
												"description": "Added as a part of security scheme: bearer",
												"key": "Authorization",
												"value": "Bearer <token>"
											}
										],
										"body": {
											"mode": "raw",
											"raw": "{\n  \"text\": \"<string>\"\n}",
											"options": {
												"raw": {
													"headerFamily": "json",
													"language": "json"
												}
											}
										},
										"url": {
											"raw": "{{baseUrl}}/post/create",
											"host": [
												"{{baseUrl}}"
											],
											"path": [
												"post",
												"create"
											]
										}
									},
									"status": "Bad Request",
									"code": 400,
									"_postman_previewlanguage": "text",
									"header": [],
									"cookie": [],
									"body": ""
								},
								{
									"name": "Неавторизованный доступ",
									"originalRequest": {
										"method": "POST",
										"header": [
											{
												"key": "Content-Type",
												"value": "application/json"
											},
											{
												"description": "Added as a part of security scheme: bearer",
												"key": "Authorization",
												"value": "Bearer <token>"
											}
										],
										"body": {
											"mode": "raw",
											"raw": "{\n  \"text\": \"<string>\"\n}",
											"options": {
												"raw": {
													"headerFamily": "json",
													"language": "json"
												}
											}
										},
										"url": {
											"raw": "{{baseUrl}}/post/create",
											"host": [
												"{{baseUrl}}"
											],
											"path": [
												"post",
												"create"
											]
										}
									},
									"status": "Unauthorized",
									"code": 401,
									"_postman_previewlanguage": "text",
									"header": [],
									"cookie": [],
									"body": ""
								},
								{
									"name": "Ошибка сервера",
									"originalRequest": {
										"method": "POST",
										"header": [
											{
												"key": "Content-Type",
												"value": "application/json"
											},
											{
												"key": "Accept",
												"value": "application/json"
											},
											{
												"description": "Added as a part of security scheme: bearer",
												"key": "Authorization",
												"value": "Bearer <token>"
											}
										],
										"body": {
											"mode": "raw",
											"raw": "{\n  \"text\": \"<string>\"\n}",
											"options": {
												"raw": {
													"headerFamily": "json",
													"language": "json"
												}
											}
										},
										"url": {
											"raw": "{{baseUrl}}/post/create",
											"host": [
												"{{baseUrl}}"
											],
											"path": [
												"post",
												"create"
											]
										}
									},
									"status": "Internal Server Error",
									"code": 500,
									"_postman_previewlanguage": "json",
									"header": [
										{
											"key": "Content-Type",
											"value": "application/json"
										},
										{
											"key": "Retry-After",
											"value": "<integer>",
											"description": {
												"content": "Время, через которое еще раз нужно сделать запрос",
												"type": "text/plain"
											}
										}
									],
									"cookie": [],
									"body": "{\n  \"message\": \"<string>\",\n  \"request_id\": \"<string>\",\n  \"code\": \"<integer>\"\n}"
								},
								{
									"name": "Ошибка сервера",
									"originalRequest": {
										"method": "POST",
										"header": [
											{
												"key": "Content-Type",
												"value": "application/json"
											},
											{
												"key": "Accept",
												"value": "application/json"
											},
											{
												"description": "Added as a part of security scheme: bearer",
												"key": "Authorization",
												"value": "Bearer <token>"
											}
										],
										"body": {
											"mode": "raw",
											"raw": "{\n  \"text\": \"<string>\"\n}",
											"options": {
												"raw": {
													"headerFamily": "json",
													"language": "json"
												}
											}
										},
										"url": {
											"raw": "{{baseUrl}}/post/create",
											"host": [
												"{{baseUrl}}"
											],
											"path": [
												"post",
												"create"
											]
										}
									},
									"status": "Service Unavailable",
									"code": 503,
									"_postman_previewlanguage": "json",
									"header": [
										{
											"key": "Content-Type",
											"value": "application/json"
										},
										{
											"key": "Retry-After",
											"value": "<integer>",
											"description": {
												"content": "Время, через которое еще раз нужно сделать запрос",
												"type": "text/plain"
											}
										}
									],
									"cookie": [],
									"body": "{\n  \"message\": \"<string>\",\n  \"request_id\": \"<string>\",\n  \"code\": \"<integer>\"\n}"
								}
							]
						}
					]
				},
				{
					"name": "update",
					"item": [
						{
							"name": "/post/update",
							"request": {
								"auth": {
									"type": "bearer",
									"bearer": [
										{
											"key": "token",
											"value": "{{bearerToken}}",
											"type": "string"
										}
									]
								},
								"method": "PUT",
								"header": [
									{
										"key": "Content-Type",
										"value": "application/json"
									},
									{
										"key": "Accept",
										"value": "application/json"
									}
								],
								"body": {
									"mode": "raw",
									"raw": "{\n  \"id\": \"<string>\",\n  \"text\": \"<string>\"\n}",
									"options": {
										"raw": {
											"headerFamily": "json",
											"language": "json"
										}
									}
								},
								"url": {
									"raw": "{{baseUrl}}/post/update",
									"host": [
										"{{baseUrl}}"
									],
									"path": [
										"post",
										"update"
									]
								}
							},
							"response": [
								{
									"name": "Успешно изменен пост",
									"originalRequest": {
										"method": "PUT",
										"header": [
											{
												"key": "Content-Type",
												"value": "application/json"
											},
											{
												"description": "Added as a part of security scheme: bearer",
												"key": "Authorization",
												"value": "Bearer <token>"
											}
										],
										"body": {
											"mode": "raw",
											"raw": "{\n  \"id\": \"<string>\",\n  \"text\": \"<string>\"\n}",
											"options": {
												"raw": {
													"headerFamily": "json",
													"language": "json"
												}
											}
										},
										"url": {
											"raw": "{{baseUrl}}/post/update",
											"host": [
												"{{baseUrl}}"
											],
											"path": [
												"post",
												"update"
											]
										}
									},
									"status": "OK",
									"code": 200,
									"_postman_previewlanguage": "text",
									"header": [],
									"cookie": [],
									"body": ""
								},
								{
									"name": "Невалидные данные ввода",
									"originalRequest": {
										"method": "PUT",
										"header": [
											{
												"key": "Content-Type",
												"value": "application/json"
											},
											{
												"description": "Added as a part of security scheme: bearer",
												"key": "Authorization",
												"value": "Bearer <token>"
											}
										],
										"body": {
											"mode": "raw",
											"raw": "{\n  \"id\": \"<string>\",\n  \"text\": \"<string>\"\n}",
											"options": {
												"raw": {
													"headerFamily": "json",
													"language": "json"
												}
											}
										},
										"url": {
											"raw": "{{baseUrl}}/post/update",
											"host": [
												"{{baseUrl}}"
											],
											"path": [
												"post",
												"update"
											]
										}
									},
									"status": "Bad Request",
									"code": 400,
									"_postman_previewlanguage": "text",
									"header": [],
									"cookie": [],
									"body": ""
								},
								{
									"name": "Неавторизованный доступ",
									"originalRequest": {
										"method": "PUT",
										"header": [
											{
												"key": "Content-Type",
												"value": "application/json"
											},
											{
												"description": "Added as a part of security scheme: bearer",
												"key": "Authorization",
												"value": "Bearer <token>"
											}
										],
										"body": {
											"mode": "raw",
											"raw": "{\n  \"id\": \"<string>\",\n  \"text\": \"<string>\"\n}",
											"options": {
												"raw": {
													"headerFamily": "json",
													"language": "json"
												}
											}
										},
										"url": {
											"raw": "{{baseUrl}}/post/update",
											"host": [
												"{{baseUrl}}"
											],
											"path": [
												"post",
												"update"
											]
										}
									},
									"status": "Unauthorized",
									"code": 401,
									"_postman_previewlanguage": "text",
									"header": [],
									"cookie": [],
									"body": ""
								},
								{
									"name": "Ошибка сервера",
									"originalRequest": {
										"method": "PUT",
										"header": [
											{
												"key": "Content-Type",
												"value": "application/json"
											},
											{
												"key": "Accept",
												"value": "application/json"
											},
											{
												"description": "Added as a part of security scheme: bearer",
												"key": "Authorization",
												"value": "Bearer <token>"
											}
										],
										"body": {
											"mode": "raw",
											"raw": "{\n  \"id\": \"<string>\",\n  \"text\": \"<string>\"\n}",
											"options": {
												"raw": {
													"headerFamily": "json",
													"language": "json"
												}
											}
										},
										"url": {
											"raw": "{{baseUrl}}/post/update",
											"host": [
												"{{baseUrl}}"
											],
											"path": [
												"post",
												"update"
											]
										}
									},
									"status": "Internal Server Error",
									"code": 500,
									"_postman_previewlanguage": "json",
									"header": [
										{
											"key": "Content-Type",
											"value": "application/json"
										},
										{
											"key": "Retry-After",
											"value": "<integer>",
											"description": {
												"content": "Время, через которое еще раз нужно сделать запрос",
												"type": "text/plain"
											}
										}
									],
									"cookie": [],
									"body": "{\n  \"message\": \"<string>\",\n  \"request_id\": \"<string>\",\n  \"code\": \"<integer>\"\n}"
								},
								{
									"name": "Ошибка сервера",
									"originalRequest": {
										"method": "PUT",
										"header": [
											{
												"key": "Content-Type",
												"value": "application/json"
											},
											{
												"key": "Accept",
												"value": "application/json"
											},
											{
												"description": "Added as a part of security scheme: bearer",
												"key": "Authorization",
												"value": "Bearer <token>"
											}
										],
										"body": {
											"mode": "raw",
											"raw": "{\n  \"id\": \"<string>\",\n  \"text\": \"<string>\"\n}",
											"options": {
												"raw": {
													"headerFamily": "json",
													"language": "json"
												}
											}
										},
										"url": {
											"raw": "{{baseUrl}}/post/update",
											"host": [
												"{{baseUrl}}"
											],
											"path": [
												"post",
												"update"
											]
										}
									},
									"status": "Service Unavailable",
									"code": 503,
									"_postman_previewlanguage": "json",
									"header": [
										{
											"key": "Content-Type",
											"value": "application/json"
										},
										{
											"key": "Retry-After",
											"value": "<integer>",
											"description": {
												"content": "Время, через которое еще раз нужно сделать запрос",
												"type": "text/plain"
											}
										}
									],
									"cookie": [],
									"body": "{\n  \"message\": \"<string>\",\n  \"request_id\": \"<string>\",\n  \"code\": \"<integer>\"\n}"
								}
							]
						}
					]
				},
				{
					"name": "delete",
					"item": [
						{
							"name": "{id}",
							"item": [
								{
									"name": "/post/delete/:id",
									"request": {
										"auth": {
											"type": "bearer",
											"bearer": [
												{
													"key": "token",
													"value": "{{bearerToken}}",
													"type": "string"
												}
											]
										},
										"method": "PUT",
										"header": [
											{
												"key": "Accept",
												"value": "application/json"
											}
										],
										"url": {
											"raw": "{{baseUrl}}/post/delete/:id",
											"host": [
												"{{baseUrl}}"
											],
											"path": [
												"post",
												"delete",
												":id"
											],
											"variable": [
												{
													"key": "id",
													"value": "<string>",
													"description": "(Required) "
												}
											]
										}
									},
									"response": [
										{
											"name": "Успешно удален пост",
											"originalRequest": {
												"method": "PUT",
												"header": [
													{
														"description": "Added as a part of security scheme: bearer",
														"key": "Authorization",
														"value": "Bearer <token>"
													}
												],
												"url": {
													"raw": "{{baseUrl}}/post/delete/:id",
													"host": [
														"{{baseUrl}}"
													],
													"path": [
														"post",
														"delete",
														":id"
													],
													"variable": [
														{
															"key": "id"
														}
													]
												}
											},
											"status": "OK",
											"code": 200,
											"_postman_previewlanguage": "text",
											"header": [],
											"cookie": [],
											"body": ""
										},
										{
											"name": "Невалидные данные ввода",
											"originalRequest": {
												"method": "PUT",
												"header": [
													{
														"description": "Added as a part of security scheme: bearer",
														"key": "Authorization",
														"value": "Bearer <token>"
													}
												],
												"url": {
													"raw": "{{baseUrl}}/post/delete/:id",
													"host": [
														"{{baseUrl}}"
													],
													"path": [
														"post",
														"delete",
														":id"
													],
													"variable": [
														{
															"key": "id"
														}
													]
												}
											},
											"status": "Bad Request",
											"code": 400,
											"_postman_previewlanguage": "text",
											"header": [],
											"cookie": [],
											"body": ""
										},
										{
											"name": "Неавторизованный доступ",
											"originalRequest": {
												"method": "PUT",
												"header": [
													{
														"description": "Added as a part of security scheme: bearer",
														"key": "Authorization",
														"value": "Bearer <token>"
													}
												],
												"url": {
													"raw": "{{baseUrl}}/post/delete/:id",
													"host": [
														"{{baseUrl}}"
													],
													"path": [
														"post",
														"delete",
														":id"
													],
													"variable": [
														{
															"key": "id"
														}
													]
												}
											},
											"status": "Unauthorized",
											"code": 401,
											"_postman_previewlanguage": "text",
											"header": [],
											"cookie": [],
											"body": ""
										},
										{
											"name": "Ошибка сервера",
											"originalRequest": {
												"method": "PUT",
												"header": [
													{
														"key": "Accept",
														"value": "application/json"
													},
													{
														"description": "Added as a part of security scheme: bearer",
														"key": "Authorization",
														"value": "Bearer <token>"
													}
												],
												"url": {
													"raw": "{{baseUrl}}/post/delete/:id",
													"host": [
														"{{baseUrl}}"
													],
													"path": [
														"post",
														"delete",
														":id"
													],
													"variable": [
														{
															"key": "id"
														}
													]
												}
											},
											"status": "Internal Server Error",
											"code": 500,
											"_postman_previewlanguage": "json",
											"header": [
												{
													"key": "Content-Type",
													"value": "application/json"
												},
												{
													"key": "Retry-After",
													"value": "<integer>",
													"description": {
														"content": "Время, через которое еще раз нужно сделать запрос",
														"type": "text/plain"
													}
												}
											],
											"cookie": [],
											"body": "{\n  \"message\": \"<string>\",\n  \"request_id\": \"<string>\",\n  \"code\": \"<integer>\"\n}"
										},
										{
											"name": "Ошибка сервера",
											"originalRequest": {
												"method": "PUT",
												"header": [
													{
														"key": "Accept",
														"value": "application/json"
													},
													{
														"description": "Added as a part of security scheme: bearer",
														"key": "Authorization",
														"value": "Bearer <token>"
													}
												],
												"url": {
													"raw": "{{baseUrl}}/post/delete/:id",
													"host": [
														"{{baseUrl}}"
													],
													"path": [
														"post",
														"delete",
														":id"
													],
													"variable": [
														{
															"key": "id"
														}
													]
												}
											},
											"status": "Service Unavailable",
											"code": 503,
											"_postman_previewlanguage": "json",
											"header": [
												{
													"key": "Content-Type",
													"value": "application/json"
												},
												{
													"key": "Retry-After",
													"value": "<integer>",
													"description": {
														"content": "Время, через которое еще раз нужно сделать запрос",
														"type": "text/plain"
													}
												}
											],
											"cookie": [],
											"body": "{\n  \"message\": \"<string>\",\n  \"request_id\": \"<string>\",\n  \"code\": \"<integer>\"\n}"
										}
									]
								}
							]
						}
					]
				},
				{
					"name": "get",
					"item": [
						{
							"name": "{id}",
							"item": [
								{
									"name": "/post/get/:id",
									"request": {
										"method": "GET",
										"header": [
											{
												"key": "Accept",
												"value": "application/json"
											}
										],
										"url": {
											"raw": "{{baseUrl}}/post/get/:id",
											"host": [
												"{{baseUrl}}"
											],
											"path": [
												"post",
												"get",
												":id"
											],
											"variable": [
												{
													"key": "id",
													"value": "<string>",
													"description": "(Required) "
												}
											]
										}
									},
									"response": [
										{
											"name": "Успешно получен пост",
											"originalRequest": {
												"method": "GET",
												"header": [
													{
														"key": "Accept",
														"value": "application/json"
													}
												],
												"url": {
													"raw": "{{baseUrl}}/post/get/:id",
													"host": [
														"{{baseUrl}}"
													],
													"path": [
														"post",
														"get",
														":id"
													],
													"variable": [
														{
															"key": "id"
														}
													]
												}
											},
											"status": "OK",
											"code": 200,
											"_postman_previewlanguage": "json",
											"header": [
												{
													"key": "Content-Type",
													"value": "application/json"
												}
											],
											"cookie": [],
											"body": "{\n  \"id\": \"<string>\",\n  \"text\": \"<string>\",\n  \"author_user_id\": \"<string>\"\n}"
										},
										{
											"name": "Невалидные данные ввода",
											"originalRequest": {
												"method": "GET",
												"header": [],
												"url": {
													"raw": "{{baseUrl}}/post/get/:id",
													"host": [
														"{{baseUrl}}"
													],
													"path": [
														"post",
														"get",
														":id"
													],
													"variable": [
														{
															"key": "id"
														}
													]
												}
											},
											"status": "Bad Request",
											"code": 400,
											"_postman_previewlanguage": "text",
											"header": [],
											"cookie": [],
											"body": ""
										},
										{
											"name": "Неавторизованный доступ",
											"originalRequest": {
												"method": "GET",
												"header": [],
												"url": {
													"raw": "{{baseUrl}}/post/get/:id",
													"host": [
														"{{baseUrl}}"
													],
													"path": [
														"post",
														"get",
														":id"
													],
													"variable": [
														{
															"key": "id"
														}
													]
												}
											},
											"status": "Unauthorized",
											"code": 401,
											"_postman_previewlanguage": "text",
											"header": [],
											"cookie": [],
											"body": ""
										},
										{
											"name": "Ошибка сервера",
											"originalRequest": {
												"method": "GET",
												"header": [
													{
														"key": "Accept",
														"value": "application/json"
													}
												],
												"url": {
													"raw": "{{baseUrl}}/post/get/:id",
													"host": [
														"{{baseUrl}}"
													],
													"path": [
														"post",
														"get",
														":id"
													],
													"variable": [
														{
															"key": "id"
														}
													]
												}
											},
											"status": "Internal Server Error",
											"code": 500,
											"_postman_previewlanguage": "json",
											"header": [
												{
													"key": "Content-Type",
													"value": "application/json"
												},
												{
													"key": "Retry-After",
													"value": "<integer>",
													"description": {
														"content": "Время, через которое еще раз нужно сделать запрос",
														"type": "text/plain"
													}
												}
											],
											"cookie": [],
											"body": "{\n  \"message\": \"<string>\",\n  \"request_id\": \"<string>\",\n  \"code\": \"<integer>\"\n}"
										},
										{
											"name": "Ошибка сервера",
											"originalRequest": {
												"method": "GET",
												"header": [
													{
														"key": "Accept",
														"value": "application/json"
													}
												],
												"url": {
													"raw": "{{baseUrl}}/post/get/:id",
													"host": [
														"{{baseUrl}}"
													],
													"path": [
														"post",
														"get",
														":id"
													],
													"variable": [
														{
															"key": "id"
														}
													]
												}
											},
											"status": "Service Unavailable",
											"code": 503,
											"_postman_previewlanguage": "json",
											"header": [
												{
													"key": "Content-Type",
													"value": "application/json"
												},
												{
													"key": "Retry-After",
													"value": "<integer>",
													"description": {
														"content": "Время, через которое еще раз нужно сделать запрос",
														"type": "text/plain"
													}
												}
											],
											"cookie": [],
											"body": "{\n  \"message\": \"<string>\",\n  \"request_id\": \"<string>\",\n  \"code\": \"<integer>\"\n}"
										}
									]
								}
							]
						}
					]
				},
				{
					"name": "feed",
					"item": [
						{
							"name": "/post/feed",
							"request": {
								"auth": {
									"type": "bearer",
									"bearer": [
										{
											"key": "token",
											"value": "{{bearerToken}}",
											"type": "string"
										}
									]
								},
								"method": "GET",
								"header": [
									{
										"key": "Accept",
										"value": "application/json"
									}
								],
								"url": {
									"raw": "{{baseUrl}}/post/feed?offset=0&limit=10",
									"host": [
										"{{baseUrl}}"
									],
									"path": [
										"post",
										"feed"
									],
									"query": [
										{
											"key": "offset",
											"value": "0"
										},
										{
											"key": "limit",
											"value": "10"
										}
									]
								}
							},
							"response": [
								{
									"name": "Успешно получены посты друзей",
									"originalRequest": {
										"method": "GET",
										"header": [
											{
												"key": "Accept",
												"value": "application/json"
											},
											{
												"description": "Added as a part of security scheme: bearer",
												"key": "Authorization",
												"value": "Bearer <token>"
											}
										],
										"url": {
											"raw": "{{baseUrl}}/post/feed?offset=0&limit=10",
											"host": [
												"{{baseUrl}}"
											],
											"path": [
												"post",
												"feed"
											],
											"query": [
												{
													"key": "offset",
													"value": "0"
												},
												{
													"key": "limit",
													"value": "10"
												}
											]
										}
									},
									"status": "OK",
									"code": 200,
									"_postman_previewlanguage": "json",
									"header": [
										{
											"key": "Content-Type",
											"value": "application/json"
										}
									],
									"cookie": [],
									"body": "[\n  {\n    \"id\": \"<string>\",\n    \"text\": \"<string>\",\n    \"author_user_id\": \"<string>\"\n  },\n  {\n    \"id\": \"<string>\",\n    \"text\": \"<string>\",\n    \"author_user_id\": \"<string>\"\n  }\n]"
								},
								{
									"name": "Невалидные данные ввода",
									"originalRequest": {
										"method": "GET",
										"header": [
											{
												"description": "Added as a part of security scheme: bearer",
												"key": "Authorization",
												"value": "Bearer <token>"
											}
										],
										"url": {
											"raw": "{{baseUrl}}/post/feed?offset=0&limit=10",
											"host": [
												"{{baseUrl}}"
											],
											"path": [
												"post",
												"feed"
											],
											"query": [
												{
													"key": "offset",
													"value": "0"
												},
												{
													"key": "limit",
													"value": "10"
												}
											]
										}
									},
									"status": "Bad Request",
									"code": 400,
									"_postman_previewlanguage": "text",
									"header": [],
									"cookie": [],
									"body": ""
								},
								{
									"name": "Неавторизованный доступ",
									"originalRequest": {
										"method": "GET",
										"header": [
											{
												"description": "Added as a part of security scheme: bearer",
												"key": "Authorization",
												"value": "Bearer <token>"
											}
										],
										"url": {
											"raw": "{{baseUrl}}/post/feed?offset=0&limit=10",
											"host": [
												"{{baseUrl}}"
											],
											"path": [
												"post",
												"feed"
											],
											"query": [
												{
													"key": "offset",
													"value": "0"
												},
												{
													"key": "limit",
													"value": "10"
												}
											]
										}
									},
									"status": "Unauthorized",
									"code": 401,
									"_postman_previewlanguage": "text",
									"header": [],
									"cookie": [],
									"body": ""
								},
								{
									"name": "Ошибка сервера",
									"originalRequest": {
										"method": "GET",
										"header": [
											{
												"key": "Accept",
												"value": "application/json"
											},
											{
												"description": "Added as a part of security scheme: bearer",
												"key": "Authorization",
												"value": "Bearer <token>"
											}
										],
										"url": {
											"raw": "{{baseUrl}}/post/feed?offset=0&limit=10",
											"host": [
												"{{baseUrl}}"
											],
											"path": [
												"post",
												"feed"
											],
											"query": [
												{
													"key": "offset",
													"value": "0"
												},
												{
													"key": "limit",
													"value": "10"
												}
											]
										}
									},
									"status": "Internal Server Error",
									"code": 500,
									"_postman_previewlanguage": "json",
									"header": [
										{
											"key": "Content-Type",
											"value": "application/json"
										},
										{
											"key": "Retry-After",
											"value": "<integer>",
											"description": {
												"content": "Время, через которое еще раз нужно сделать запрос",
												"type": "text/plain"
											}
										}
									],
									"cookie": [],
									"body": "{\n  \"message\": \"<string>\",\n  \"request_id\": \"<string>\",\n  \"code\": \"<integer>\"\n}"
								},
								{
									"name": "Ошибка сервера",
									"originalRequest": {
										"method": "GET",
										"header": [
											{
												"key": "Accept",
												"value": "application/json"
											},
											{
												"description": "Added as a part of security scheme: bearer",
												"key": "Authorization",
												"value": "Bearer <token>"
											}
										],
										"url": {
											"raw": "{{baseUrl}}/post/feed?offset=0&limit=10",
											"host": [
												"{{baseUrl}}"
											],
											"path": [
												"post",
												"feed"
											],
											"query": [
												{
													"key": "offset",
													"value": "0"
												},
												{
													"key": "limit",
													"value": "10"
												}
											]
										}
									},
									"status": "Service Unavailable",
									"code": 503,
									"_postman_previewlanguage": "json",
									"header": [
										{
											"key": "Content-Type",
											"value": "application/json"
										},
										{
											"key": "Retry-After",
											"value": "<integer>",
											"description": {
												"content": "Время, через которое еще раз нужно сделать запрос",
												"type": "text/plain"
											}
										}
									],
									"cookie": [],
									"body": "{\n  \"message\": \"<string>\",\n  \"request_id\": \"<string>\",\n  \"code\": \"<integer>\"\n}"
								}
							]
						}
					]
				}
			]
		},
		{
			"name": "dialog",
			"item": [
				{
					"name": "{user_id}",
					"item": [
						{
							"name": "send",
							"item": [
								{
									"name": "/dialog/:user_id/send",
									"request": {
										"auth": {
											"type": "bearer",
											"bearer": [
												{
													"key": "token",
													"value": "{{bearerToken}}",
													"type": "string"
												}
											]
										},
										"method": "POST",
										"header": [
											{
												"key": "Content-Type",
												"value": "application/json"
											},
											{
												"key": "Accept",
												"value": "application/json"
											}
										],
										"body": {
											"mode": "raw",
											"raw": "{\n  \"text\": \"<string>\"\n}",
											"options": {
												"raw": {
													"headerFamily": "json",
													"language": "json"
												}
											}
										},
										"url": {
											"raw": "{{baseUrl}}/dialog/:user_id/send",
											"host": [
												"{{baseUrl}}"
											],
											"path": [
												"dialog",
												":user_id",
												"send"
											],
											"variable": [
												{
													"key": "user_id",
													"value": "<string>",
													"description": "(Required) "
												}
											]
										}
									},
									"response": [
										{
											"name": "Успешно отправлено сообщение",
											"originalRequest": {
												"method": "POST",
												"header": [
													{
														"key": "Content-Type",
														"value": "application/json"
													},
													{
														"description": "Added as a part of security scheme: bearer",
														"key": "Authorization",
														"value": "Bearer <token>"
													}
												],
												"body": {
													"mode": "raw",
													"raw": "{\n  \"text\": \"<string>\"\n}",
													"options": {
														"raw": {
															"headerFamily": "json",
															"language": "json"
														}
													}
												},
												"url": {
													"raw": "{{baseUrl}}/dialog/:user_id/send",
													"host": [
														"{{baseUrl}}"
													],
													"path": [
														"dialog",
														":user_id",
														"send"
													],
													"variable": [
														{
															"key": "user_id"
														}
													]
												}
											},
											"status": "OK",
											"code": 200,
											"_postman_previewlanguage": "text",
											"header": [],
											"cookie": [],
											"body": ""
										},
										{
											"name": "Невалидные данные ввода",
											"originalRequest": {
												"method": "POST",
												"header": [
													{
														"key": "Content-Type",
														"value": "application/json"
													},
													{
														"description": "Added as a part of security scheme: bearer",
														"key": "Authorization",
														"value": "Bearer <token>"
													}
												],
												"body": {
													"mode": "raw",
													"raw": "{\n  \"text\": \"<string>\"\n}",
													"options": {
														"raw": {
															"headerFamily": "json",
															"language": "json"
														}
													}
												},
												"url": {
													"raw": "{{baseUrl}}/dialog/:user_id/send",
													"host": [
														"{{baseUrl}}"
													],
													"path": [
														"dialog",
														":user_id",
														"send"
													],
													"variable": [
														{
															"key": "user_id"
														}
													]
												}
											},
											"status": "Bad Request",
											"code": 400,
											"_postman_previewlanguage": "text",
											"header": [],
											"cookie": [],
											"body": ""
										},
										{
											"name": "Неавторизованный доступ",
											"originalRequest": {
												"method": "POST",
												"header": [
													{
														"key": "Content-Type",
														"value": "application/json"
													},
													{
														"description": "Added as a part of security scheme: bearer",
														"key": "Authorization",
														"value": "Bearer <token>"
													}
												],
												"body": {
													"mode": "raw",
													"raw": "{\n  \"text\": \"<string>\"\n}",
													"options": {
														"raw": {
															"headerFamily": "json",
															"language": "json"
														}
													}
												},
												"url": {
													"raw": "{{baseUrl}}/dialog/:user_id/send",
													"host": [
														"{{baseUrl}}"
													],
													"path": [
														"dialog",
														":user_id",
														"send"
													],
													"variable": [
														{
															"key": "user_id"
														}
													]
												}
											},
											"status": "Unauthorized",
											"code": 401,
											"_postman_previewlanguage": "text",
											"header": [],
											"cookie": [],
											"body": ""
										},
										{
											"name": "Ошибка сервера",
											"originalRequest": {
												"method": "POST",
												"header": [
													{
														"key": "Content-Type",
														"value": "application/json"
													},
													{
														"key": "Accept",
														"value": "application/json"
													},
													{
														"description": "Added as a part of security scheme: bearer",
														"key": "Authorization",
														"value": "Bearer <token>"
													}
												],
												"body": {
													"mode": "raw",
													"raw": "{\n  \"text\": \"<string>\"\n}",
													"options": {
														"raw": {
															"headerFamily": "json",
															"language": "json"
														}
													}
												},
												"url": {
													"raw": "{{baseUrl}}/dialog/:user_id/send",
													"host": [
														"{{baseUrl}}"
													],
													"path": [
														"dialog",
														":user_id",
														"send"
													],
													"variable": [
														{
															"key": "user_id"
														}
													]
												}
											},
											"status": "Internal Server Error",
											"code": 500,
											"_postman_previewlanguage": "json",
											"header": [
												{
													"key": "Content-Type",
													"value": "application/json"
												},
												{
													"key": "Retry-After",
													"value": "<integer>",
													"description": {
														"content": "Время, через которое еще раз нужно сделать запрос",
														"type": "text/plain"
													}
												}
											],
											"cookie": [],
											"body": "{\n  \"message\": \"<string>\",\n  \"request_id\": \"<string>\",\n  \"code\": \"<integer>\"\n}"
										},
										{
											"name": "Ошибка сервера",
											"originalRequest": {
												"method": "POST",
												"header": [
													{
														"key": "Content-Type",
														"value": "application/json"
													},
													{
														"key": "Accept",
														"value": "application/json"
													},
													{
														"description": "Added as a part of security scheme: bearer",
														"key": "Authorization",
														"value": "Bearer <token>"
													}
												],
												"body": {
													"mode": "raw",
													"raw": "{\n  \"text\": \"<string>\"\n}",
													"options": {
														"raw": {
															"headerFamily": "json",
															"language": "json"
														}
													}
												},
												"url": {
													"raw": "{{baseUrl}}/dialog/:user_id/send",
													"host": [
														"{{baseUrl}}"
													],
													"path": [
														"dialog",
														":user_id",
														"send"
													],
													"variable": [
														{
															"key": "user_id"
														}
													]
												}
											},
											"status": "Service Unavailable",
											"code": 503,
											"_postman_previewlanguage": "json",
											"header": [
												{
													"key": "Content-Type",
													"value": "application/json"
												},
												{
													"key": "Retry-After",
													"value": "<integer>",
													"description": {
														"content": "Время, через которое еще раз нужно сделать запрос",
														"type": "text/plain"
													}
												}
											],
											"cookie": [],
											"body": "{\n  \"message\": \"<string>\",\n  \"request_id\": \"<string>\",\n  \"code\": \"<integer>\"\n}"
										}
									]
								}
							]
						},
						{
							"name": "list",
							"item": [
								{
									"name": "/dialog/:user_id/list",
									"request": {
										"auth": {
											"type": "bearer",
											"bearer": [
												{
													"key": "token",
													"value": "{{bearerToken}}",
													"type": "string"
												}
											]
										},
										"method": "GET",
										"header": [
											{
												"key": "Accept",
												"value": "application/json"
											}
										],
										"url": {
											"raw": "{{baseUrl}}/dialog/:user_id/list",
											"host": [
												"{{baseUrl}}"
											],
											"path": [
												"dialog",
												":user_id",
												"list"
											],
											"variable": [
												{
													"key": "user_id",
													"value": "<string>",
													"description": "(Required) "
												}
											]
										}
									},
									"response": [
										{
											"name": "Диалог между двумя пользователями",
											"originalRequest": {
												"method": "GET",
												"header": [
													{
														"key": "Accept",
														"value": "application/json"
													},
													{
														"description": "Added as a part of security scheme: bearer",
														"key": "Authorization",
														"value": "Bearer <token>"
													}
												],
												"url": {
													"raw": "{{baseUrl}}/dialog/:user_id/list",
													"host": [
														"{{baseUrl}}"
													],
													"path": [
														"dialog",
														":user_id",
														"list"
													],
													"variable": [
														{
															"key": "user_id"
														}
													]
												}
											},
											"status": "OK",
											"code": 200,
											"_postman_previewlanguage": "json",
											"header": [
												{
													"key": "Content-Type",
													"value": "application/json"
												}
											],
											"cookie": [],
											"body": "[\n  {\n    \"from\": \"<string>\",\n    \"to\": \"<string>\",\n    \"text\": \"<string>\"\n  },\n  {\n    \"from\": \"<string>\",\n    \"to\": \"<string>\",\n    \"text\": \"<string>\"\n  }\n]"
										},
										{
											"name": "Невалидные данные ввода",
											"originalRequest": {
												"method": "GET",
												"header": [
													{
														"description": "Added as a part of security scheme: bearer",
														"key": "Authorization",
														"value": "Bearer <token>"
													}
												],
												"url": {
													"raw": "{{baseUrl}}/dialog/:user_id/list",
													"host": [
														"{{baseUrl}}"
													],
													"path": [
														"dialog",
														":user_id",
														"list"
													],
													"variable": [
														{
															"key": "user_id"
														}
													]
												}
											},
											"status": "Bad Request",
											"code": 400,
											"_postman_previewlanguage": "text",
											"header": [],
											"cookie": [],
											"body": ""
										},
										{
											"name": "Неавторизованный доступ",
											"originalRequest": {
												"method": "GET",
												"header": [
													{
														"description": "Added as a part of security scheme: bearer",
														"key": "Authorization",
														"value": "Bearer <token>"
													}
												],
												"url": {
													"raw": "{{baseUrl}}/dialog/:user_id/list",
													"host": [
														"{{baseUrl}}"
													],
													"path": [
														"dialog",
														":user_id",
														"list"
													],
													"variable": [
														{
															"key": "user_id"
														}
													]
												}
											},
											"status": "Unauthorized",
											"code": 401,
											"_postman_previewlanguage": "text",
											"header": [],
											"cookie": [],
											"body": ""
										},
										{
											"name": "Ошибка сервера",
											"originalRequest": {
												"method": "GET",
												"header": [
													{
														"key": "Accept",
														"value": "application/json"
													},
													{
														"description": "Added as a part of security scheme: bearer",
														"key": "Authorization",
														"value": "Bearer <token>"
													}
												],
												"url": {
													"raw": "{{baseUrl}}/dialog/:user_id/list",
													"host": [
														"{{baseUrl}}"
													],
													"path": [
														"dialog",
														":user_id",
														"list"
													],
													"variable": [
														{
															"key": "user_id"
														}
													]
												}
											},
											"status": "Internal Server Error",
											"code": 500,
											"_postman_previewlanguage": "json",
											"header": [
												{
													"key": "Content-Type",
													"value": "application/json"
												},
												{
													"key": "Retry-After",
													"value": "<integer>",
													"description": {
														"content": "Время, через которое еще раз нужно сделать запрос",
														"type": "text/plain"
													}
												}
											],
											"cookie": [],
											"body": "{\n  \"message\": \"<string>\",\n  \"request_id\": \"<string>\",\n  \"code\": \"<integer>\"\n}"
										},
										{
											"name": "Ошибка сервера",
											"originalRequest": {
												"method": "GET",
												"header": [
													{
														"key": "Accept",
														"value": "application/json"
													},
													{
														"description": "Added as a part of security scheme: bearer",
														"key": "Authorization",
														"value": "Bearer <token>"
													}
												],
												"url": {
													"raw": "{{baseUrl}}/dialog/:user_id/list",
													"host": [
														"{{baseUrl}}"
													],
													"path": [
														"dialog",
														":user_id",
														"list"
													],
													"variable": [
														{
															"key": "user_id"
														}
													]
												}
											},
											"status": "Service Unavailable",
											"code": 503,
											"_postman_previewlanguage": "json",
											"header": [
												{
													"key": "Content-Type",
													"value": "application/json"
												},
												{
													"key": "Retry-After",
													"value": "<integer>",
													"description": {
														"content": "Время, через которое еще раз нужно сделать запрос",
														"type": "text/plain"
													}
												}
											],
											"cookie": [],
											"body": "{\n  \"message\": \"<string>\",\n  \"request_id\": \"<string>\",\n  \"code\": \"<integer>\"\n}"
										}
									]
								}
							]
						}
					]
				}
			]
		}
	],
	"event": [
		{
			"listen": "prerequest",
			"script": {
				"type": "text/javascript",
				"packages": {},
				"exec": [
					""
				]
			}
		},
		{
			"listen": "test",
			"script": {
				"type": "text/javascript",
				"packages": {},
				"exec": [
					""
				]
			}
		}
	],
	"variable": [
		{
			"key": "baseUrl",
			"value": "http://localhost:8080"
		},
		{
			"key": "token",
			"value": "",
			"type": "string"
		}
	]
}